<?xml version="1.0" encoding="UTF-8"?>
<beans xmlns="http://www.springframework.org/schema/beans"
	xmlns:mvc="http://www.springframework.org/schema/mvc" xmlns:xsi="http://www.w3.org/2001/XMLSchema-instance"
	xsi:schemaLocation="
        http://www.springframework.org/schema/beans
        http://www.springframework.org/schema/beans/spring-beans.xsd
        http://www.springframework.org/schema/mvc
        http://www.springframework.org/schema/mvc/spring-mvc.xsd
        http://camel.apache.org/schema/spring
                                http://camel.apache.org/schema/spring/camel-spring.xsd">

	<bean id="failureProcessor"
		class="com.project.orchestratorengine.demo.exception.ApplicationExceptions" />

	<camelContext id="myContext" xmlns="http://camel.apache.org/schema/spring"
		trace="false" messageHistory="true" errorHandlerRef="myErrorHandler">

		<errorHandler id="myErrorHandler" type="DeadLetterChannel"
			deadLetterUri="log:dead?level=ERROR" useOriginalMessage="true"
			onPrepareFailureRef="failureProcessor" />



		<dataFormats>
			<json id="jack" library="Jackson" prettyPrint="true" />
		</dataFormats>


		<route id="FileReadRoute">
			<from
				uri="{{file.inputfile.uri}}?noop=false&amp;idempotent=false&amp;delay=30s" />
			<split streaming="true">
				<tokenize token="\n" />
				<unmarshal>
					<csv delimiter="|" />
				</unmarshal>
				<marshal>
					<custom ref="jack" />
				</marshal>
				<convertBodyTo type="java.lang.String" />
				<to id="Create@flatRecToJsonPayload"
					uri="jolt:./joltSpec/sfdcToJson.json?inputType=JsonString&amp;outputType=JsonString" />

				<setHeader name="icRequestId">
					<jsonpath>$.payload.policy.policyExpansion10</jsonpath>
				</setHeader>
				<to uri="direct:AggregatorICRequestflowStart" />
			</split>
			<setProperty name="CamelAggregationCompleteAllGroups">
				<constant>true</constant>
			</setProperty>
			<log message="Inside FileReadRoute = ${body}" />
			<to uri="direct:AggregatorICRequestflowStart" />
		</route>

		<route id="schemaValidation">
			<from uri="direct:jsonSchemaValidation" />
			<setProperty name="bodyBkp">
				<simple>${in.body}</simple>
			</setProperty>
			<to id="Create@jsonSchemaValidation" uri="json-validator:./jsonSchema/fileJsonSchema.json" />
			<setBody>
				<simple>${exchangeProperty.bodyBkp}</simple>
			</setBody>
			<log message="Inside schema validation = ${body}" />
		</route>

		<route id="route_AggregatorICRequest">
			<from uri="direct:AggregatorICRequestflowStart" />
			<aggregate strategyRef="IcRequestAggregation"
				ignoreInvalidCorrelationKeys="true" completionTimeout="300000">
				<correlationExpression>
					<header>icRequestId</header>
				</correlationExpression>
				<log message="Inside route_AggregatorICRequest = ${body}" />
				<to uri="direct:split_message_onebyone" />
			</aggregate>
		</route>
		<route id="splitMessageByProduct">
			<from uri="direct:split_message_onebyone" />
			<log message="Inside splitMessageByProduct = ${body}" />
			<setProperty name="bodyBkp">
				<simple>${in.body}</simple>
			</setProperty>
			<split streaming="true">
				<jsonpath>$.payload.policy.product</jsonpath>
				<marshal>
					<custom ref="jack" />
				</marshal>
				<convertBodyTo type="java.lang.String" />
				<process ref="constructGenericMessagePayload" />
				<to id="productArraytoProductPayload"
					uri="jolt:./joltSpec/productArrayToProductMapping.json?inputType=JsonString&amp;outputType=JsonString" />
				<log message="Split message one by one = ${body}" />
				<to id="productMapchange"
					uri="class:com.anthem.sclc.intcompmporchestrator.aggregator.ConstructGenericJsonObject?method=constructDerivedMapping" />
				<to uri="direct:jsonSchemaValidation" />
				<to uri="direct:getCallidusExceptionAgentType" />

				<to uri="direct:getCallidusProductMapping" />
				<choice>
					<when>
						<jsonpath>$.payload.policy.product[?(@.productRenewalType ==
							"Renew With Growth" )]
						</jsonpath>
						<to uri="direct:getCallidusRenewGrowthMapping" />
					</when>
				</choice>

				<!-- <to uri="direct:getAgentIdFromAscsSystem" /> -->
			</split>
		</route>
		<route id="schemaValidation">
			<from uri="direct:jsonSchemaValidation" />
			<setProperty name="bodyBkp">
				<simple>${in.body}</simple>
			</setProperty>
			<!-- <to id="CreateStep@jsonSchemaValidation" uri="json-validator:classpath:./jsonSchema/recordLevelValidationSchema.json"/> -->
			<setBody>
				<simple>${exchangeProperty.bodyBkp}</simple>
			</setBody>
			<log message="Inside schema validation = ${body}" />

			<to id="productMapchange"
				uri="class:com.anthem.sclc.intcompmpporchestrator.aggregator.ConstructGenericJsonObject?method=constructDerivedMapping" />
			<log message="Mapping with derived fields : ${body} " />
			<choice>
				<when>
					<jsonpath>$.payload.policy.product[?(@.productLobExpansion1 != ''
						)]
					</jsonpath>
					<to uri="direct:getQliReasonsCode" />
				</when>
			</choice>

			<to uri="direct:getCallidusProductMapping" />
			<choice>
				<when>
					<jsonpath>$.payload.policy.product[?(@.productRenewalType ==
						"Renew With Growth")]
					</jsonpath>
					<to uri="direct:getCallidusRenewGrowthMapping" />
				</when>
			</choice>
			<to uri="direct:getAgentIdFromAscsSystem" />
		</route>

		<route id="Orchestrator_errmsgTranslator_step_route">
			<from id="errTransform" uri="direct:ErrortranslatorExtService" />
			<log message="before errTransform = ${body}" />
			<to id="errorTransformRquestFormation"
				uri="jolt:./joltSpec/errorRequestFormation.json?inputType=JsonString&amp;outputType=JsonString" />
			<log message=" after errTransform = ${body}" />
			<setHeader name="CamelHttpMethod">
				<constant>POST</constant>
			</setHeader>
			<setHeader name="Content-Type">
				<constant>application/json</constant>
			</setHeader>
			<to id="errorTransformDroolsService" uri="http://va10dlvbss302.wellpoint.com:9889/translate_message" />
			<to id="errorTransform_responseValidator" uri="bean:ResponseValidator" />
		</route>

		<route id="sqlrouteTogetQliReasonDetails">
			<from id="getQliReasonsCode" uri="direct:getQliReasonsCode" />
			<setProperty name="bodyBkp">
				<simple>${in.body}</simple>
			</setProperty>
			<log message="Sending message body to direct:getQliReasonsMapping : ${body} " />
			<setProperty name="sfdcProductLobExp1">
				<jsonpath>$.payload.policy.product.productLobExpansion1</jsonpath>
			</setProperty>
			<setProperty name="sfdcPremiumDueDate">
				<jsonpath>$.payload.policy.product.lobCategoryEffDate</jsonpath>
			</setProperty>
			<setProperty name="sfdcRecordType">
				<jsonpath>$.payload.policy.product.derivedRenewalType</jsonpath>
			</setProperty>
			<log
				message="Processing getQliReasonsMapping isNoRecordAllowed: ${header.isNoRecordAllowed}" />
			<log
				message="Processing getQliReasonsMapping sfdcRecordType: ${exchangeProperty.sfdcRecordType}" />
			<log
				message="Processing getQliReasonsMapping sfdcProductLobExp1: ${exchangeProperty.sfdcProductLobExp1}" />
			<to id="CreateStepBegin@getQliReasonsMapping"
				uri="sql:classpath:./sql/calliduQliReasonMapping.sql?dataSource=callidusDataSource" />
			<to id="CreateStepEnd@getQliReasonsMapping"
				uri="class:com.anthem.sclc.intcompmpporchestrator.aggregator.ConstructGenericJsonObject?method=constructJsonMessageNoRecord" />
			<log
				message="sqlrouteTogetQliReasonDetails header.dataFromDB value = ${header.dataFromDB}" />
			<choice>
				<when>
					<simple>${header.dataFromDB} != 'no data is available'
					</simple>
					<log message="when records available in DB" />
					<to id="assignQliReasonsMapping"
						uri="jolt:./joltSpec/assignQliReasonsMapping.json?inputType=JsonString&amp;outputType=JsonString" />
				</when>
				<otherwise>
					<setBody>
						<simple>${exchangeProperty.bodyBkp}</simple>
					</setBody>
				</otherwise>
			</choice>
			<log message="qli reason mapping route completes = ${body}" />
		</route>

		<route id="sqlrouteTogetCallidusProductmapping">
			<from id="callidusProductMapping" uri="direct:getCallidusProductMapping" />
			<setProperty name="bodyBkp">
				<simple>${in.body}</simple>
			</setProperty>
			<log
				message="Sending message body to direct:getCallidusProductMapping : ${body} " />
			<setProperty name="sfdcProductName">
				<jsonpath>$.payload.policy.product.sourceSystemProduct</jsonpath>
			</setProperty>
			<setProperty name="sfdcLobCategoryEffDate">
				<jsonpath>$.payload.policy.product.lobCategoryEffDate</jsonpath>
			</setProperty>
			<choice>
				<when>
					<jsonpath>$.payload.policy.product[?(@.derivedRenewalType == "G")]
					</jsonpath>
					<setProperty name="sfdcRecordType">
						<constant>R</constant>
					</setProperty>
				</when>
				<otherwise>
					<setProperty name="sfdcRecordType">
						<jsonpath>$.payload.policy.product.derivedRenewalType</jsonpath>
					</setProperty>
				</otherwise>
			</choice>
			<to id="CreateStepBegin@getCallidusProductMapping"
				uri="sql:classpath:./sql/callidusProductMapping.sql?dataSource=callidusDataSource" />
			<to id="CreateStepEnd@getCallidusProductMapping"
				uri="class:com.anthem.sclc.intcompmpporchestrator.aggregator.ConstructGenericJsonObject?method=constructJsonMessage" />
			<to id="assignCallidusProductMapping"
				uri="jolt:./joltSpec/assignCallidusProductMapping.json?inputType=JsonString&amp;outputType=JsonString" />
			<log message="product mapping route compltes = ${body}" />
		</route>

		<route id="sqlrouteTogetCallidusRenewGrowthMapping">
			<from id="getCallidusRenewGrowthMapping" uri="direct:getCallidusRenewGrowthMapping" />
			<log message="Inside getCallidusRenewGrowthMapping = ${body}" />
			<setProperty name="bodyBkp">
				<simple>${in.body}</simple>
			</setProperty>
			<log
				message="Sending message body to direct:getCallidusRenewGrowthMapping : ${body} " />
			<setProperty name="productType">
				<jsonpath>$.payload.policy.product.sourceSystemProduct</jsonpath>
			</setProperty>
			<setProperty name="fundingType">
				<jsonpath>$.payload.policy.product.fundingType</jsonpath>
			</setProperty>
			<setProperty name="sfdcLobCategoryEffDate">
				<jsonpath>$.payload.policy.product.lobCategoryEffDate</jsonpath>
			</setProperty>

			<to id="CreateStepBegin@getCallidusRenewGrowthMapping"
				uri="sql:classpath:./sql/callidusRenewGrowthThreshhold.sql?dataSource=callidusDataSource" />
			<to id="CreateStepEnd@getCallidusRenewGrowthMapping"
				uri="class:com.anthem.sclc.intcompmpporchestrator.aggregator.ConstructGenericJsonObject?method=constructJsonMessage" />
			<to id="assignCallidusRenewGrowthMapping"
				uri="jolt:./joltSpec/assignCallidusRenewGrowthMapping.json?inputType=JsonString&amp;outputType=JsonString" />
			<log message="product renew growth limit completes = ${body}" />

		</route>
		<route id="sqlrouteTogetAgentIdFromAscs" streamCache="true">
			<from id="AgentIdFromAscs" uri="direct:getAgentIdFromAscsSystem" />
			<setProperty name="bodyBkp">
				<simple>${in.body}</simple>
			</setProperty>
			<to id="AgentInfoFromASCS"
				uri="jolt:./joltSpec/getAscsAgentInfoSpec.json?inputType=JsonString&amp;outputType=JsonString" />
			<setHeader name="CamelHttpMethod">
				<constant>POST</constant>
			</setHeader>
			<setHeader name="Content-Type">
				<constant>application/json</constant>
			</setHeader>
			<to id="CreateStepBegin@getAgentInfoFromASCS" uri="{{ascs.agentinfo.service.url}}" />
			<log message="http response = ${body}" />

			<to id="CreateStepEnd@getAgentInfoFromASCS"
				uri="class:com.anthem.sclc.intcompmpporchestrator.aggregator.ConstructGenericJsonObject?method=constructAgentData" />

			<to id="assignAgentInfo"
				uri="jolt:./joltSpec/assignAgentInfo.json?inputType=JsonString&amp;outputType=JsonString" />
			<log message="after adding agent Info= ${body}" />
			<when>
				<jsonpath>$.payload.policy.product.agent.[?(@.agentCode != '' )]
				</jsonpath>
				<to uri="direct:getCallidusExceptionAgentType" />
			</when>
			<to uri="direct:getAgentPosition" />
		</route>

		<route id="sqlrouteTogetExceptionAgentType">
			<from id="getCallidusExceptionAgentType" uri="direct:getCallidusExceptionAgentType" />
			<log message="Inside getCallidusExceptionAgentType = ${body}" />
			<setProperty name="bodyBkp">
				<simple>${in.body}</simple>
			</setProperty>
			<setProperty name="agentCode">
				<jsonpath>$.payload.policy.product.agent.agentCode</jsonpath>
			</setProperty>
			<setProperty name="agentType">
				<jsonpath>$.payload.policy.product.agent.agentExpansion1</jsonpath>
			</setProperty>
			<setProperty name="sfdcLobCategoryEffDate">
				<jsonpath>$.payload.policy.product.lobCategoryEffDate</jsonpath>
			</setProperty>

			<to id="CreateStepBegin@getCallidusExceptionAgentType"
				uri="sql:classpath:./sql/callidusExceptionAgentType.sql?dataSource=callidusDataSource" />
			<to id="CreateStepEnd@getCallidusExceptionAgentType"
				uri="class:com.anthem.sclc.intcompmpporchestrator.aggregator.ConstructGenericJsonObject?method=constructJsonMessageNoRecord" />
			<choice>
				<when>
					<simple>${header.dataFromDB} != 'no data is available'
					</simple>
					<log message=" when records available in DB" />
					<to id="assignCallidusExceptionAgentType"
						uri="jolt:./joltSpec/assignExceptionAgentType.json?inputType=JsonString&amp;outputType=JsonString" />
				</when>
				<otherwise>
					<setBody>
						<simple>${exchangeProperty.bodyBkp}</simple>
					</setBody>
				</otherwise>
			</choice>
			<log message="exception agent type completed = ${body}" />

		</route>
		<route id="AgentValidationRoute">
			<from id="AgentValidation" uri="direct:AgentValidation" />
			<setProperty name="bodyBkp">
				<simple>${in.body}</simple>
			</setProperty>
			<setHeader name="CamelHttpMethod">
				<constant>POST</constant>
			</setHeader>
			<setHeader name="Content-Type">
				<constant>application/json</constant>
			</setHeader>
			<to id="CreateStep@agentValidation" uri="http://localhost:7001/sclc/api/v1/agent/validation" />
			<log message="agent validation response = ${body}" />
			<to uri="direct:getAgentPosition" />
		</route>

		<route id="sqlrouteTogetAgentPosition">
			<from id="AgentPositionFromCallidus" uri="direct:getAgentPosition" />
			<setProperty name="bodyBkp">
				<simple>${in.body}</simple>
			</setProperty>
			<setProperty name="callidusAgentCode">
				<jsonpath>$.payload.policy.product.agent.agentCode</jsonpath>
			</setProperty>
			<setProperty name="sfdcLobCategoryEffDate">
				<jsonpath>$.payload.policy.product.lobCategoryEffDate</jsonpath>
			</setProperty>
			<to id="CreateStepBegin@getAgentPositionFromCallidus"
				uri="sql:classpath:./sql/getAgentPositionDetails.sql?dataSource=callidusDataSource" />
			<to id="CreateStepEnd@getAgentPositionFromCallidus"
				uri="class:com.anthem.sclc.intcompmpporchestrator.aggregator.ConstructGenericJsonObject?method=constructJsonMessage" />
			<to id="assignAgentPosition"
				uri="jolt:./joltSpec/assignAgentPositionMapping.json?inputType=JsonString&amp;outputType=JsonString" />
			<!-- <to id="getAgentTitleInfo" uri="class:com.anthem.sclc.intcompmpporchestrator.aggregator.ConstructGenericJsonObject?method=getAgentTitleInfo" 
				/> -->
			<log message="agent position mapping route compltes = ${body}" />
			<choice>
				<when>
					<jsonpath>$.payload.policy.product.[?(@.productExpansion7 ==
						"YES")]
					</jsonpath>
					<to uri="direct:createPharmacyTransaction" />
				</when>
				<otherwise>
					<when>
						<jsonpath>$.payload.policy.product.[?(@.productExpansion8 ==
							"YES")]
						</jsonpath>
						<to uri="direct:createPharmacyTransaction" />
					</when>
				</otherwise>
			</choice>
			<choice>
				<when>
					<jsonpath>$.payload.policy.product.[?(@.derivedGencproduct != '')]
					</jsonpath>
					<to uri="direct:createGencProductTransaction" />
				</when>
			</choice>
			<choice>
				<when>
					<jsonpath>$.payload.policy.product[?(@.productRenewalType ==
						"Renew With Growth")]
					</jsonpath>
					<to uri="direct:createRenewWithGrowthCloneTransaction" />
				</when>
				<otherwise>
					<log message=" transaction - OTHERWISE  : ${body}" />
					<to uri="direct:getOrderSequence" />
				</otherwise>
			</choice>
		</route>

		<route id="Create_Pharmacy_Transaction">
			<from id="pharmacyClone" uri="direct:createPharmacyTransaction" />
			<log message="pharmacyClone body = ${body}" />
			<setProperty name="productMessageBodyBkpBeforOrderCreation">
				<simple>${in.body}</simple>
			</setProperty>
			<to id="CreateStep@pharmacyPrdtCloning"
				uri="jolt:./joltSpec/retail.json?inputType=JsonString&amp;outputType=JsonString" />
			<log message="Cloned transaction for retail : ${body}" />
		</route>

		<route id="Create_GencProduct_Transaction">
			<from id="gencProductClone" uri="direct:createGencProductTransaction" />
			<log message="gencProductClone body = ${body}" />
			<setProperty name="gencProductBodyBkpBeforOrderCreation">
				<simple>${in.body}</simple>
			</setProperty>
			<to id="CreateStep@gencProductCloning"
				uri="class:com.anthem.sclc.intcompmpporchestrator.aggregator.ConstructGenericJsonObject?method=constructJsonWithGencProduct" />
			<log message="Cloned transaction for gencProductClone : ${body}" />
		</route>


		<!-- Renew with Growth - Cloning -->
		<!-- Renew with Growth - Cloning -->
		<route id="Create_RenewWithGrowth_Transaction">
			<from id="renewWithGrowthClone" uri="direct:createRenewWithGrowthCloneTransaction" />
			<log message="renewWithGrowthClone body = ${body}" />
			<setProperty name="messageBkpBeforOrderCreation">
				<simple>${in.body}</simple>
			</setProperty>
			<choice>
				<when>
					<jsonpath>$.payload.policy.product.member[?(@.renewGrowthLimit !=
						'')]
					</jsonpath>
					<log
						message="inside  renew with growth- growth threshhold limit is available" />
					<setProperty name="growthMember">
						<jsonpath resultType="int">$.payload.policy.product.member.memberExpansion2
						</jsonpath>
					</setProperty>
					<log
						message="Processing renew with  growthMember  ${exchangeProperty.growthMember}" />
					<choice>
						<when>
							<jsonpath>$.payload.policy.product.member[?(${exchangeProperty.growthMember}
								&gt;= @.renewGrowthLimit )]</jsonpath>
							<to id="CreateStepBegin@createRenewWithGrowthClone"
								uri="jolt:./joltSpec/renewGrowthNewSale.json?inputType=JsonString&amp;outputType=JsonString" />
							<log
								message="Cloned transaction for renew with growth - newsale : ${body}" />
							<to id="CreateStepEnd@createRenewWithGrowthClone"
								uri="class:com.anthem.sclc.intcompmpporchestrator.aggregator.ConstructGenericJsonObject?method=constructJsonWithUpdateMemCnt" />
							<to uri="direct:getOrderSequence" />
							<setBody>
								<simple>${exchangeProperty.messageBkpBeforOrderCreation}
								</simple>
							</setBody>
							<to id="CreateStepBegin@createRenewWithGrowthClone"
								uri="jolt:./joltSpec/renewGrowthRenewal.json?inputType=JsonString&amp;outputType=JsonString" />
							<to id="CreateStepEnd@createRenewWithGrowthClone"
								uri="class:com.anthem.sclc.intcompmpporchestrator.aggregator.ConstructGenericJsonObject?method=constructJsonWithUpdateMemCnt" />
							<log
								message="Cloned transaction for renew with growth - renewal : ${body}" />
							<to uri="direct:getOrderSequence" />
							<setBody>
								<simple>${exchangeProperty.messageBkpBeforOrderCreation}
								</simple>
							</setBody>
						</when>
					</choice>
					<choice>
						<when>
							<jsonpath>$.payload.policy.product.member[?(${exchangeProperty.growthMember}
								&lt; @.renewGrowthLimit )]</jsonpath>
							<to id="CreateStepBegin@createRenewWithGrowthClone"
								uri="jolt:./joltSpec/renewGrowthRenewal.json?inputType=JsonString&amp;outputType=JsonString" />
							<to id="CreateStepEnd@createRenewWithGrowthClone"
								uri="class:com.anthem.sclc.intcompmpporchestrator.aggregator.ConstructGenericJsonObject?method=constructJsonWithUpdateMemCnt" />
							<log
								message="Cloned transaction for renew with growth - renewal : ${body}" />
							<to uri="direct:getOrderSequence" />
							<setBody>
								<simple>${exchangeProperty.messageBkpBeforOrderCreation}
								</simple>
							</setBody>
						</when>
					</choice>
				</when>
				<otherwise>
					<to id="CreateStepBegin@createRenewWithGrowthClone"
						uri="jolt:./joltSpec/renewGrowthNewSale.json?inputType=JsonString&amp;outputType=JsonString" />
					<to id="CreateStepEnd@createRenewWithGrowthClone"
						uri="class:com.anthem.sclc.intcompmpporchestrator.aggregator.ConstructGenericJsonObject?method=constructJsonWithUpdateMemCnt" />
					<log message="Cloned transaction for renew with growth - newsale : ${body}" />
					<to uri="direct:getOrderSequence" />
					<setBody>
						<simple>${exchangeProperty.messageBkpBeforOrderCreation}</simple>
					</setBody>
					<to id="CreateStepBegin@createRenewWithGrowthClone"
						uri="jolt:./joltSpec/renewGrowthRenewal.json?inputType=JsonString&amp;outputType=JsonString" />
					<to id="CreateStepEnd@createRenewWithGrowthClone"
						uri="class:com.anthem.sclc.intcompmpporchestrator.aggregator.ConstructGenericJsonObject?method=constructJsonWithUpdateMemCnt" />
					<log message="Cloned transaction for renew with growth - renewal : ${body}" />
					<to uri="direct:getOrderSequence" />
				</otherwise>
			</choice>
		</route>

		<route id="sqlrouteTogetOrderSeq">
			<from id="orderSequence" uri="direct:getOrderSequence" />
			<setProperty name="bodyBkp">
				<simple>${in.body}</simple>
			</setProperty>
			<to id="CreateStepBegin@generateOrderSeqNumber"
				uri="sql:classpath:./sql/getOrderSeqNumber.sql?dataSource=escsDataSource" />
			<to id="CreateStepEnd@generateOrderSeqNumber"
				uri="class:com.anthem.sclc.intcompmpporchestrator.aggregator.ConstructGenericJsonObject?method=constructJsonMessage" />
			<to id="assignOrderSeqNumber"
				uri="jolt:./joltSpec/assignOrderSeqNumberMapping.json?inputType=JsonString&amp;outputType=JsonString" />
			<log message="generate order seq number = ${body}" />
			<to uri="direct:createNewOrder" />
		</route>


		<route id="CreateNewOrderInCallidus">
			<from id="NewOrderCreation" uri="direct:createNewOrder" />
			<setProperty name="bodyBkp">
				<simple>${in.body}</simple>
			</setProperty>
			<to id="prepareOrderRequestInput"
				uri="jolt:./joltSpec/callidusOrderRequestCreation.json?inputType=JsonString&amp;outputType=JsonString" />
			<setHeader name="CamelHttpMethod">
				<constant>POST</constant>
			</setHeader>
			<setHeader name="Content-Type">
				<constant>application/json</constant>
			</setHeader>
			<to id="CreateStep@createNewOrderInCallidus"
				uri="{{callidus.salesOrders.service.url}}?authMethod=Basic&amp;authUsername={{callidus.service.username}}&amp;authPassword={{callidus.service.password}}&amp;authenticationPreemptive=true" />
			<to uri="direct:createNewTransaction" />
		</route>

		<route id="CreateNewTransactionInCallidus">
			<from id="NewtransactionCreation" uri="direct:createNewTransaction" />
			<setBody>
				<simple>${exchangeProperty.bodyBkp}</simple>
			</setBody>

			<log message="inbound for callidus layout transformation = ${body}" />
			<to id="transformtoCallidusLayout"
				uri="jolt:./joltSpec/callidusTransactionRequestCreation.json?inputType=JsonString&amp;outputType=JsonString" />
			<setHeader name="CamelHttpMethod">
				<constant>POST</constant>
			</setHeader>
			<setHeader name="Content-Type">
				<constant>application/json</constant>
			</setHeader>
			<to id="CreateStep@createNewTransactionInCallidus"
				uri="{{callidus.transactions.service.url}}?authMethod=Basic&amp;authUsername={{callidus.service.username}}&amp;authPassword={{callidus.service.password}}&amp;authenticationPreemptive=true" />
			<setBody>
				<simple>{}</simple>
			</setBody>
			<!-- <to uri="direct:runCallidusPipeLine"/> -->
		</route>

		<route id="runCallidusPipeLineRoute">
			<from id="runCallidusPipeLine" uri="direct:runCallidusPipeLine" />
			<to id="prepareInputRequestForPipeline"
				uri="jolt:./joltSpec/callidusPipelineRunRequestCreation.json?inputType=JsonString&amp;outputType=JsonString" />
			<setHeader name="CamelHttpMethod">
				<constant>POST</constant>
			</setHeader>
			<setHeader name="Content-Type">
				<constant>application/json</constant>
			</setHeader>
			<to id="CreateStep@runPipleLineInCallidus"
				uri="{{callidus.pipelines.service.url}}?authMethod=Basic&amp;authUsername={{callidus.service.username}}&amp;authPassword={{callidus.service.password}}&amp;authenticationPreemptive=true" />
			<log message="http response = ${body}" />
		</route>


		<!-- Below routes are being used for logging -->
		<route id="Orchestrator_eventcreation_step_route">
			<from id="Eventcreation" uri="direct:EventCreation" />
			<to id="EventRequestPayloadCreation"
				uri="class:com.anthem.sbecbp.paymenthub.eventlogger.IcProductRequestEventCreationRequestPreparation?method=eventCreationRequestPayload" />
			<setHeader name="CamelHttpMethod">
				<constant>POST</constant>
			</setHeader>
			<setHeader name="Content-Type">
				<constant>application/json</constant>
			</setHeader>
			<to id="Eventcreationpoint" uri="{{event.logging.eventcreation.url}}" />
			<to id="event_responseValidator1" uri="bean:ResponseValidator" />
		</route>

		<route id="Orchestrator_eventstatus_step_route">
			<from id="Eventstatus" uri="direct:EventStatus" />
			<to id="Eventstatus"
				uri="class:com.anthem.sbecbp.paymenthub.eventloggingbuilder.EventStatusCreation?method=eventStatus" />
			<setHeader name="CamelHttpMethod">
				<constant>POST</constant>
			</setHeader>
			<setHeader name="Content-Type">
				<constant>application/json</constant>
			</setHeader>
			<to id="Eventstatuschanged" uri="{{event.logging.eventstatus.url}}" />
			<to id="event_responseValidator3" uri="bean:ResponseValidator" />
		</route>

		<route id="Orchestrator_eventstepping_step_route">
			<from id="Eventstepping" uri="direct:Eventstepping" />
			<to id="Eventstepping"
				uri="class:com.anthem.sbecbp.paymenthub.eventloggingbuilder.EventStepCreation?method=eventStepTransformation" />
			<setHeader name="CamelHttpMethod">
				<constant>POST</constant>
			</setHeader>
			<setHeader name="Content-Type">
				<constant>application/json</constant>
			</setHeader>
			<to id="Eventstepping" uri="{{event.logging.eventstepping.url}}" />
			<to id="event_step_responseValidator" uri="bean:ResponseValidator" />
		</route>

	</camelContext>

	<bean id="constructGenericMessagePayload"
		class="com.project.orchestratorengine.messageprocessor.aggregator.ConstructGenericJsonObject" />

	<bean id="customeEventLogger"
		class="com.anthem.sbecbp.paymenthub.eventnotifier.CustomEventNotifier"
		scope="prototype">
		<property name="ignoreCamelContextEvents" value="true" />
		<property name="ignoreRouteEvents" value="true" />
		<property name="ignoreServiceEvents" value="true" />
	</bean>

	<bean id="IcRequestAggregation"
		class="com.project.orchestratorengine.fileprocessor.aggregator.IcRequestAggregation" />
	<bean id="PharmacyCloneObject"
		class="com.project.orchestratorengine.fileprocessor.aggregator.CloneTransaction" />

	<bean id="ResponseValidator"
		class="com.anthem.sbecbp.paymenthub.validator.ResponseValidator"
		scope="prototype" />

</beans>
