Anthem,0014100000ii4FEAAY,8/1/2020,174013,IN,a934N0000008XpFQAU,01t41000003bUPyAAM,Health and Wellness: A La Carte,Renew,,AG47123,0054N000003ilnqQAA,100,100,10,10,,North East,RVP,,0,,,0,,,8/1/2007,a974N0000008YhpQAE,0,Renewal,ASO,Administrative Services Only,WGS 2.0,Jeffery Verney,a924N0000008YuyQAE_0054N000003ilnqQAA_09282020140148,,,IN,,0,0,,Account Team,100,,Brokerage/Direct,2020  Retiree Opportunity Renewal-Anthem,IC-1091
Anthem,0014100000ii4FEAAY,8/1/2020,174013,IN,a934N0000008XpFQAU,01t41000003bUOmAAM,WDS Traditional Dental,Renew,,AA70824,00541000003bWXCAA2,100,100,21,21,,North East,DSAM,,0,,,0,,,8/1/2007,a974N0000008YhpQAE,25,Renewal,ASO,Administrative Services Only,WGS 2.0,Wendy Cramer,a924N0000008YuzQAE_00541000003bWXCAA2_09282020140148,14,,IN,G2001,0,0,,Account Team,100,,Brokerage/Direct,2020  Retiree Opportunity Renewal-Anthem,IC-1091
Anthem,0014100000ii4FEAAY,8/1/2020,174013,IN,a934N0000008XpFQAU,01t41000003bUOmAAM,WDS Traditional Dental,Renew,,AG47123,0054N000003ilnqQAA,100,100,21,21,,North East,RVP,,0,,,0,,,8/1/2007,a974N0000008YhpQAE,0,Renewal,ASO,Administrative Services Only,WGS 2.0,Jeffery Verney,a924N0000008YuzQAE_0054N000003ilnqQAA_09282020140148,14,,IN,G2001,0,0,,Account Team,100,,Brokerage/Direct,2020  Retiree Opportunity Renewal-Anthem,IC-1091
Anthem,0014100000ii4FEAAY,8/1/2020,174013,IN,a934N0000008XpFQAU,01t41000003bUOkAAM,Dental - Dental Net (CA only),Renew,,AA70824,00541000003bWXCAA2,100,100,2,2,,North East,DSAM,,0,,,0,,,8/1/2007,a974N0000008YhpQAE,25,Renewal,FI,Fully Insured,WGS 2.0,Wendy Cramer,a924N0000008Yv0QAE_00541000003bWXCAA2_09282020140148,,,IN,,0,0,,Account Team,100,,Brokerage/Direct,2020  Retiree Opportunity Renewal-Anthem,IC-1091
Anthem,0014100000ii4FEAAY,8/1/2020,174013,IN,a934N0000008XpFQAU,01t41000003bUOkAAM,Dental - Dental Net (CA only),Renew,,AG47123,0054N000003ilnqQAA,100,100,2,2,,North East,RVP,,0,,,0,,,8/1/2007,a974N0000008YhpQAE,0,Renewal,FI,Fully Insured,WGS 2.0,Jeffery Verney,a924N0000008Yv0QAE_0054N000003ilnqQAA_09282020140148,,,IN,,0,0,,Account Team,100,,Brokerage/Direct,2020  Retiree Opportunity Renewal-Anthem,IC-1091
Anthem,0014100000ii4FEAAY,8/1/2020,174013,IN,a934N0000008XpFQAU,01t41000003bUOjAAM,WDS PPO Dental,Renew,,AA70824,00541000003bWXCAA2,100,100,1785,2460,,North East,DSAM,,0,,,0,,,8/1/2007,a974N0000008YhpQAE,25,Renewal,ASO,Administrative Services Only,WGS 2.0,Wendy Cramer,a924N0000008Yv1QAE_00541000003bWXCAA2_09282020140148,2826,,IN,G2001,0,0,,Account Team,100,,Brokerage/Direct,2020  Retiree Opportunity Renewal-Anthem,IC-1091
Anthem,0014100000ii4FEAAY,8/1/2020,174013,IN,a934N0000008XpFQAU,01t41000003bUOjAAM,WDS PPO Dental,Renew,,AG47123,0054N000003ilnqQAA,100,100,1785,2460,,North East,RVP,,0,,,0,,,8/1/2007,a974N0000008YhpQAE,0,Renewal,ASO,Administrative Services Only,WGS 2.0,Jeffery Verney,a924N0000008Yv1QAE_0054N000003ilnqQAA_09282020140148,2826,,IN,G2001,0,0,,Account Team,100,,Brokerage/Direct,2020  Retiree Opportunity Renewal-Anthem,IC-1091
Anthem,0014100000ii4FEAAY,8/1/2020,174013,IN,a934N0000008XpFQAU,01t41000003bUQAAA2,Medical - Indemnity (Traditional),Renew,,AA70824,00541000003bWXCAA2,100,100,362,383,,North East,DSAM,,0,,,0,,,8/1/2007,a974N0000008YhpQAE,25,Renewal,ASO,Administrative Services Only,WGS 2.0,Wendy Cramer,a924N0000008Yv2QAE_00541000003bWXCAA2_09282020140148,292,,IN,G2001,0,0,,Account Team,100,,Brokerage/Direct,2020  Retiree Opportunity Renewal-Anthem,IC-1091
Anthem,0014100000ii4FEAAY,8/1/2020,174013,IN,a934N0000008XpFQAU,01t41000003bUQAAA2,Medical - Indemnity (Traditional),Renew,,AG47123,0054N000003ilnqQAA,100,100,362,383,,North East,RVP,,0,,,0,,,8/1/2007,a974N0000008YhpQAE,0,Renewal,ASO,Administrative Services Only,WGS 2.0,Jeffery Verney,a924N0000008Yv2QAE_0054N000003ilnqQAA_09282020140148,292,,IN,G2001,0,0,,Account Team,100,,Brokerage/Direct,2020  Retiree Opportunity Renewal-Anthem,IC-1091
Anthem,0014100000ii4FEAAY,8/1/2020,174013,IN,a934N0000008XpFQAU,01t41000003bUQCAA2,Medical - PPO,Renew,,AA70824,00541000003bWXCAA2,100,100,378,459,,North East,DSAM,,0,,,0,,,8/1/2007,a974N0000008YhpQAE,25,Renewal,ASO,Administrative Services Only,WGS 2.0,Wendy Cramer,a924N0000008Yv3QAE_00541000003bWXCAA2_09282020140148,394,,IN,G2001,0,0,,Account Team,100,,Brokerage/Direct,2020  Retiree Opportunity Renewal-Anthem,IC-1091
Anthem,0014100000ii4FEAAY,8/1/2020,174013,IN,a934N0000008XpFQAU,01t41000003bUQCAA2,Medical - PPO,Renew,,AG47123,0054N000003ilnqQAA,100,100,378,459,,North East,RVP,,0,,,0,,,8/1/2007,a974N0000008YhpQAE,0,Renewal,ASO,Administrative Services Only,WGS 2.0,Jeffery Verney,a924N0000008Yv3QAE_0054N000003ilnqQAA_09282020140148,394,,IN,G2001,0,0,,Account Team,100,,Brokerage/Direct,2020  Retiree Opportunity Renewal-Anthem,IC-1091
Anthem,0014100000ii4FEAAY,8/1/2020,174013,IN,a934N0000008XpFQAU,01t41000003bUQ7AAM,Medical - EPO,Renew,,AA70824,00541000003bWXCAA2,100,100,7,7,,North East,DSAM,,0,,,0,,,8/1/2007,a974N0000008YhpQAE,25,Renewal,ASO,Administrative Services Only,WGS 2.0,Wendy Cramer,a924N0000008Yv4QAE_00541000003bWXCAA2_09282020140148,3,,IN,G2001,0,0,,Account Team,100,,Brokerage/Direct,2020  Retiree Opportunity Renewal-Anthem,IC-1091
Anthem,0014100000ii4FEAAY,8/1/2020,174013,IN,a934N0000008XpFQAU,01t41000003bUQ7AAM,Medical - EPO,Renew,,AG47123,0054N000003ilnqQAA,100,100,7,7,,North East,RVP,,0,,,0,,,8/1/2007,a974N0000008YhpQAE,0,Renewal,ASO,Administrative Services Only,WGS 2.0,Jeffery Verney,a924N0000008Yv4QAE_0054N000003ilnqQAA_09282020140148,3,,IN,G2001,0,0,,Account Team,100,,Brokerage/Direct,2020  Retiree Opportunity Renewal-Anthem,IC-1091
Anthem,0014100000ii4FEAAY,8/1/2020,174013,IN,a934N0000008XpFQAU,01t41000003bUPyAAM,Health and Wellness: A La Carte,Renew,,AA70824,00541000003bWXCAA2,100,100,1234,1479,,North East,DSAM,,0,,,0,,,8/1/2007,a974N0000008YhpQAE,25,Renewal,ASO,Administrative Services Only,WGS 2.0,Wendy Cramer,a924N0000008Yv5QAE_00541000003bWXCAA2_09282020140148,,,IN,,0,0,,Account Team,100,,Brokerage/Direct,2020  Retiree Opportunity Renewal-Anthem,IC-1091
Anthem,0014100000ii4FEAAY,8/1/2020,174013,IN,a934N0000008XpFQAU,01t41000003bUPyAAM,Health and Wellness: A La Carte,Renew,,AG47123,0054N000003ilnqQAA,100,100,1234,1479,,North East,RVP,,0,,,0,,,8/1/2007,a974N0000008YhpQAE,0,Renewal,ASO,Administrative Services Only,WGS 2.0,Jeffery Verney,a924N0000008Yv5QAE_0054N000003ilnqQAA_09282020140148,,,IN,,0,0,,Account Team,100,,Brokerage/Direct,2020  Retiree Opportunity Renewal-Anthem,IC-1091
Anthem,0014100000ii4FEAAY,8/1/2020,174013,IN,a934N0000008XpFQAU,01t41000003bUPJAA2,"ConditionCare: Core Asthma, COPD, CAD, DM, CHF",Renew,,AA70824,00541000003bWXCAA2,100,100,1234,1479,,North East,DSAM,,0,,,0,,,8/1/2007,a974N0000008YhpQAE,25,Renewal,ASO,Administrative Services Only,WGS 2.0,Wendy Cramer,a924N0000008Yv6QAE_00541000003bWXCAA2_09282020140148,,,IN,,0,0,Health and Wellness: A La Carte,Account Team,100,,Brokerage/Direct,2020  Retiree Opportunity Renewal-Anthem,IC-1091
Anthem,0014100000ii4FEAAY,8/1/2020,174013,IN,a934N0000008XpFQAU,01t41000003bUPJAA2,"ConditionCare: Core Asthma, COPD, CAD, DM, CHF",Renew,,AG47123,0054N000003ilnqQAA,100,100,1234,1479,,North East,RVP,,0,,,0,,,8/1/2007,a974N0000008YhpQAE,0,Renewal,ASO,Administrative Services Only,WGS 2.0,Jeffery Verney,a924N0000008Yv6QAE_0054N000003ilnqQAA_09282020140148,,,IN,,0,0,Health and Wellness: A La Carte,Account Team,100,,Brokerage/Direct,2020  Retiree Opportunity Renewal-Anthem,IC-1091
Anthem,0014100000ii4FEAAY,8/1/2020,174013,IN,a934N0000008XpFQAU,01t41000003bUPcAAM,MyHealth Coach,Renew,,AA70824,00541000003bWXCAA2,100,100,1234,1479,,North East,DSAM,,0,,,0,,,8/1/2007,a974N0000008YhpQAE,25,Renewal,ASO,Administrative Services Only,WGS 2.0,Wendy Cramer,a924N0000008Yv7QAE_00541000003bWXCAA2_09282020140148,,,IN,,0,0,Health and Wellness: A La Carte,Account Team,100,,Brokerage/Direct,2020  Retiree Opportunity Renewal-Anthem,IC-1091
Anthem,0014100000ii4FEAAY,8/1/2020,174013,IN,a934N0000008XpFQAU,01t41000003bUPcAAM,MyHealth Coach,Renew,,AG47123,0054N000003ilnqQAA,100,100,1234,1479,,North East,RVP,,0,,,0,,,8/1/2007,a974N0000008YhpQAE,0,Renewal,ASO,Administrative Services Only,WGS 2.0,Jeffery Verney,a924N0000008Yv7QAE_0054N000003ilnqQAA_09282020140148,,,IN,,0,0,Health and Wellness: A La Carte,Account Team,100,,Brokerage/Direct,2020  Retiree Opportunity Renewal-Anthem,IC-1091
Anthem,0014100000ii4FEAAY,8/1/2020,174013,IN,a934N0000008XpFQAU,01t41000003bUQcAAM,Pharmacy - Anthem Pharmacy Services,Renew,,AA70824,00541000003bWXCAA2,100,100,924,1637,,North East,DSAM,,1,Yes,Yes,0,1,1,8/1/2007,a974N0000008YhpQAE,25,Renewal,ASO,Administrative Services Only,WGS 2.0,Wendy Cramer,a924N0000008Yv8QAE_00541000003bWXCAA2_09282020140148,586,,IN,G2001,0,0,,Account Team,100,,Brokerage/Direct,2020  Retiree Opportunity Renewal-Anthem,IC-1091
Anthem,0014100000ii4FEAAY,8/1/2020,174013,IN,a934N0000008XpFQAU,01t41000003bUQcAAM,Pharmacy - Anthem Pharmacy Services,Renew,,AG47123,0054N000003ilnqQAA,100,100,924,1637,,North East,RVP,,1,Yes,Yes,0,1,1,8/1/2007,a974N0000008YhpQAE,0,Renewal,ASO,Administrative Services Only,WGS 2.0,Jeffery Verney,a924N0000008Yv8QAE_0054N000003ilnqQAA_09282020140148,586,,IN,G2001,0,0,,Account Team,100,,Brokerage/Direct,2020  Retiree Opportunity Renewal-Anthem,IC-1091
Anthem,0014100000ii4FEAAY,8/1/2020,174013,IN,a934N0000008XpFQAU,01t41000003bUQOAA2,Medicare - Group Medicare Part D (PDP) with Senior Rx Plus,Renew,,AA70824,00541000003bWXCAA2,100,100,221,221,,North East,DSAM,,0,,,0,,,8/1/2007,a974N0000008YhpQAE,25,Renewal,ASO,Administrative Services Only,WGS 2.0,Wendy Cramer,a924N0000008Yv9QAE_00541000003bWXCAA2_09282020140148,,,IN,,0,0,,Account Team,100,,Brokerage/Direct,2020  Retiree Opportunity Renewal-Anthem,IC-1091
Anthem,0014100000ii4FEAAY,8/1/2020,174013,IN,a934N0000008XpFQAU,01t41000003bUQOAA2,Medicare - Group Medicare Part D (PDP) with Senior Rx Plus,Renew,,AG47123,0054N000003ilnqQAA,100,100,221,221,,North East,RVP,,0,,,0,,,8/1/2007,a974N0000008YhpQAE,0,Renewal,ASO,Administrative Services Only,WGS 2.0,Jeffery Verney,a924N0000008Yv9QAE_0054N000003ilnqQAA_09282020140148,,,IN,,0,0,,Account Team,100,,Brokerage/Direct,2020  Retiree Opportunity Renewal-Anthem,IC-1091
Anthem,0014100000ii4FEAAY,8/1/2020,174013,IN,a934N0000008XpFQAU,01t41000003bUQgAAM,Vision - Blue View Vision,Renew,,AA70824,00541000003bWXCAA2,100,100,1652,2300,,North East,DSAM,,0,,,0,,,8/1/2007,a974N0000008YhpQAE,25,Renewal,ASO,Administrative Services Only,WGS 2.0,Wendy Cramer,a924N0000008YvAQAU_00541000003bWXCAA2_09282020140148,2703,,IN,G2001,0,0,,Account Team,100,,Brokerage/Direct,2020  Retiree Opportunity Renewal-Anthem,IC-1091
Anthem,0014100000ii4FEAAY,8/1/2020,174013,IN,a934N0000008XpFQAU,01t41000003bUQgAAM,Vision - Blue View Vision,Renew,,AG47123,0054N000003ilnqQAA,100,100,1652,2300,,North East,RVP,,0,,,0,,,8/1/2007,a974N0000008YhpQAE,0,Renewal,ASO,Administrative Services Only,WGS 2.0,Jeffery Verney,a924N0000008YvAQAU_0054N000003ilnqQAA_09282020140148,2703,,IN,G2001,0,0,,Account Team,100,,Brokerage/Direct,2020  Retiree Opportunity Renewal-Anthem,IC-1091
Anthem,0014100000ii4FEAAY,8/1/2020,174013,IN,a934N0000008XpFQAU,01t41000003bUQhAAM,Vision - Vision Embedded in Medical,Renew,,AA70824,00541000003bWXCAA2,100,100,10,21,,North East,DSAM,,0,,,0,,,8/1/2007,a974N0000008YhpQAE,25,Renewal,ASO,Administrative Services Only,WGS 2.0,Wendy Cramer,a924N0000008YvBQAU_00541000003bWXCAA2_09282020140148,,,IN,,0,0,,Account Team,100,,Brokerage/Direct,2020  Retiree Opportunity Renewal-Anthem,IC-1091
Anthem,0014100000ii4FEAAY,8/1/2020,174013,IN,a934N0000008XpFQAU,01t41000003bUQhAAM,Vision - Vision Embedded in Medical,Renew,,AG47123,0054N000003ilnqQAA,100,100,10,21,,North East,RVP,,0,,,0,,,8/1/2007,a974N0000008YhpQAE,0,Renewal,ASO,Administrative Services Only,WGS 2.0,Jeffery Verney,a924N0000008YvBQAU_0054N000003ilnqQAA_09282020140148,,,IN,,0,0,,Account Team,100,,Brokerage/Direct,2020  Retiree Opportunity Renewal-Anthem,IC-1091
Anthem,0014100000ii4FEAAY,8/1/2020,174013,IN,a934N0000008XpFQAU,01t41000003bUQcAAM,Pharmacy - Anthem Pharmacy Services,Renew,,AA70824,00541000003bWXCAA2,100,100,33,43,,North East,DSAM,,1,Yes,Yes,0,1,1,8/1/2007,a974N0000008YhpQAE,25,Renewal,FI,Fully Insured,WGS 2.0,Wendy Cramer,a924N0000008YvCQAU_00541000003bWXCAA2_09282020140148,60,,IN,G2001,0,0,,Account Team,100,,Brokerage/Direct,2020  Retiree Opportunity Renewal-Anthem,IC-1091
Anthem,0014100000ii4FEAAY,8/1/2020,174013,IN,a934N0000008XpFQAU,01t41000003bUQcAAM,Pharmacy - Anthem Pharmacy Services,Renew,,AG47123,0054N000003ilnqQAA,100,100,33,43,,North East,RVP,,1,Yes,Yes,0,1,1,8/1/2007,a974N0000008YhpQAE,0,Renewal,FI,Fully Insured,WGS 2.0,Jeffery Verney,a924N0000008YvCQAU_0054N000003ilnqQAA_09282020140148,60,,IN,G2001,0,0,,Account Team,100,,Brokerage/Direct,2020  Retiree Opportunity Renewal-Anthem,IC-1091
Anthem,0014100000ii4FEAAY,8/1/2020,174013,IN,a934N0000008XpFQAU,01t41000003bUPAAA2,Behavioral Health Resource,Renew,,AA70824,00541000003bWXCAA2,100,100,10,10,,North East,DSAM,,0,,,0,,,8/1/2007,a974N0000008YhpQAE,25,Renewal,ASO,Administrative Services Only,WGS 2.0,Wendy Cramer,a924N0000008YvDQAU_00541000003bWXCAA2_09282020140148,,,IN,,0,0,Total Health Total You,Account Team,100,,Brokerage/Direct,2020  Retiree Opportunity Renewal-Anthem,IC-1091
Anthem,0014100000ii4FEAAY,8/1/2020,174013,IN,a934N0000008XpFQAU,01t41000003bUPAAA2,Behavioral Health Resource,Renew,,AG47123,0054N000003ilnqQAA,100,100,10,10,,North East,RVP,,0,,,0,,,8/1/2007,a974N0000008YhpQAE,0,Renewal,ASO,Administrative Services Only,WGS 2.0,Jeffery Verney,a924N0000008YvDQAU_0054N000003ilnqQAA_09282020140148,,,IN,,0,0,Total Health Total You,Account Team,100,,Brokerage/Direct,2020  Retiree Opportunity Renewal-Anthem,IC-1091
Anthem,0014100000ii4FEAAY,8/1/2020,200005,IN,a934N0000008XpGQAU,01t41000003bUOjAAM,WDS PPO Dental,Renew,,AA70824,00541000003bWXCAA2,100,100,4832,4832,,North East,DSAM,,0,,,0,,,8/1/2007,a974N0000008YhpQAE,25,Renewal,ASO,Administrative Services Only,WGS 2.0,Wendy Cramer,a924N0000008YvEQAU_00541000003bWXCAA2_09282020140148,4818,,IN,G2001,0,0,,Account Team,100,,Brokerage/Direct,2020  Retiree Opportunity Renewal-Anthem,IC-1091
Anthem,0014100000ii4FEAAY,8/1/2020,200005,IN,a934N0000008XpGQAU,01t41000003bUOjAAM,WDS PPO Dental,Renew,,AG47123,0054N000003ilnqQAA,100,100,4832,4832,,North East,RVP,,0,,,0,,,8/1/2007,a974N0000008YhpQAE,0,Renewal,ASO,Administrative Services Only,WGS 2.0,Jeffery Verney,a924N0000008YvEQAU_0054N000003ilnqQAA_09282020140148,4818,,IN,G2001,0,0,,Account Team,100,,Brokerage/Direct,2020  Retiree Opportunity Renewal-Anthem,IC-1091
Anthem,0014100000ii4FEAAY,8/1/2020,200005,IN,a934N0000008XpGQAU,01t41000003bUQgAAM,Vision - Blue View Vision,Renew,,AA70824,00541000003bWXCAA2,100,100,5537,5537,,North East,DSAM,,0,,,0,,,8/1/2007,a974N0000008YhpQAE,25,Renewal,ASO,Administrative Services Only,WGS 2.0,Wendy Cramer,a924N0000008YvFQAU_00541000003bWXCAA2_09282020140148,5330,,IN,G2001,0,0,,Account Team,100,,Brokerage/Direct,2020  Retiree Opportunity Renewal-Anthem,IC-1091
Anthem,0014100000ii4FEAAY,8/1/2020,200005,IN,a934N0000008XpGQAU,01t41000003bUQgAAM,Vision - Blue View Vision,Renew,,AG47123,0054N000003ilnqQAA,100,100,5537,5537,,North East,RVP,,0,,,0,,,8/1/2007,a974N0000008YhpQAE,0,Renewal,ASO,Administrative Services Only,WGS 2.0,Jeffery Verney,a924N0000008YvFQAU_0054N000003ilnqQAA_09282020140148,5330,,IN,G2001,0,0,,Account Team,100,,Brokerage/Direct,2020  Retiree Opportunity Renewal-Anthem,IC-1091
Anthem,0014100000ii4FEAAY,8/1/2020,INELAI02,IN,a934N0000008XpHQAU,01t41000003bUQOAA2,Medicare - Group Medicare Part D (PDP) with Senior Rx Plus,Renew,,AA70824,00541000003bWXCAA2,100,100,371,371,,North East,DSAM,,0,,,0,,,8/1/2007,a974N0000008YhpQAE,25,Renewal,ASO,Administrative Services Only,GBD FACETS,Wendy Cramer,a924N0000008YvGQAU_00541000003bWXCAA2_09282020140148,,,IN,,0,0,,Account Team,100,,Brokerage/Direct,2020  Retiree Opportunity Renewal-Anthem,IC-1091
Anthem,0014100000ii4FEAAY,8/1/2020,INELAI02,IN,a934N0000008XpHQAU,01t41000003bUQOAA2,Medicare - Group Medicare Part D (PDP) with Senior Rx Plus,Renew,,AG47123,0054N000003ilnqQAA,100,100,371,371,,North East,RVP,,0,,,0,,,8/1/2007,a974N0000008YhpQAE,0,Renewal,ASO,Administrative Services Only,GBD FACETS,Jeffery Verney,a924N0000008YvGQAU_0054N000003ilnqQAA_09282020140148,,,IN,,0,0,,Account Team,100,,Brokerage/Direct,2020  Retiree Opportunity Renewal-Anthem,IC-1091
Anthem,0014100000ii4FEAAY,8/1/2020,INELAI02,IN,a934N0000008XpHQAU,01t41000003bUR0AAM,Medicare - Group Medicare Advantage (LPPO),Renew,,AA70824,00541000003bWXCAA2,100,100,371,371,,North East,DSAM,,0,,,0,,,8/1/2007,a974N0000008YhpQAE,25,Renewal,ASO,Administrative Services Only,GBD FACETS,Wendy Cramer,a924N0000008YvHQAU_00541000003bWXCAA2_09282020140148,,,IN,,0,0,,Account Team,100,,Brokerage/Direct,2020  Retiree Opportunity Renewal-Anthem,IC-1091
Anthem,0014100000ii4FEAAY,8/1/2020,INELAI02,IN,a934N0000008XpHQAU,01t41000003bUR0AAM,Medicare - Group Medicare Advantage (LPPO),Renew,,AG47123,0054N000003ilnqQAA,100,100,371,371,,North East,RVP,,0,,,0,,,8/1/2007,a974N0000008YhpQAE,0,Renewal,ASO,Administrative Services Only,GBD FACETS,Jeffery Verney,a924N0000008YvHQAU_0054N000003ilnqQAA_09282020140148,,,IN,,0,0,,Account Team,100,,Brokerage/Direct,2020  Retiree Opportunity Renewal-Anthem,IC-1091
Anthem,0014100000ii4FEAAY,8/1/2020,INELAI03,IN,a934N0000008XpIQAU,01t41000003bUQOAA2,Medicare - Group Medicare Part D (PDP) with Senior Rx Plus,Renew,,AA70824,00541000003bWXCAA2,100,100,29,29,,North East,DSAM,,0,,,0,,,8/1/2007,a974N0000008YhpQAE,25,Renewal,ASO,Administrative Services Only,GBD FACETS,Wendy Cramer,a924N0000008YvIQAU_00541000003bWXCAA2_09282020140148,,,IN,,0,0,,Account Team,100,,Brokerage/Direct,2020  Retiree Opportunity Renewal-Anthem,IC-1091
Anthem,0014100000ii4FEAAY,8/1/2020,INELAI03,IN,a934N0000008XpIQAU,01t41000003bUQOAA2,Medicare - Group Medicare Part D (PDP) with Senior Rx Plus,Renew,,AG47123,0054N000003ilnqQAA,100,100,29,29,,North East,RVP,,0,,,0,,,8/1/2007,a974N0000008YhpQAE,0,Renewal,ASO,Administrative Services Only,GBD FACETS,Jeffery Verney,a924N0000008YvIQAU_0054N000003ilnqQAA_09282020140148,,,IN,,0,0,,Account Team,100,,Brokerage/Direct,2020  Retiree Opportunity Renewal-Anthem,IC-1091
Anthem,0014100000ii4FEAAY,8/1/2020,INELAI03,IN,a934N0000008XpIQAU,01t41000003bUR0AAM,Medicare - Group Medicare Advantage (LPPO),Renew,,AA70824,00541000003bWXCAA2,100,100,29,29,,North East,DSAM,,0,,,0,,,8/1/2007,a974N0000008YhpQAE,25,Renewal,ASO,Administrative Services Only,GBD FACETS,Wendy Cramer,a924N0000008YvJQAU_00541000003bWXCAA2_09282020140148,,,IN,,0,0,,Account Team,100,,Brokerage/Direct,2020  Retiree Opportunity Renewal-Anthem,IC-1091
Anthem,0014100000ii4FEAAY,8/1/2020,INELAI03,IN,a934N0000008XpIQAU,01t41000003bUR0AAM,Medicare - Group Medicare Advantage (LPPO),Renew,,AG47123,0054N000003ilnqQAA,100,100,29,29,,North East,RVP,,0,,,0,,,8/1/2007,a974N0000008YhpQAE,0,Renewal,ASO,Administrative Services Only,GBD FACETS,Jeffery Verney,a924N0000008YvJQAU_0054N000003ilnqQAA_09282020140148,,,IN,,0,0,,Account Team,100,,Brokerage/Direct,2020  Retiree Opportunity Renewal-Anthem,IC-1091
Anthem,0014100000ii4FEAAY,8/1/2020,INELAI00,IN,a934N0000008XpJQAU,01t41000003bUR0AAM,Medicare - Group Medicare Advantage (LPPO),Renew,,AA70824,00541000003bWXCAA2,100,100,5994,5994,,North East,DSAM,,0,,,0,,,8/1/2007,a974N0000008YhpQAE,25,Renewal,ASO,Administrative Services Only,GBD FACETS,Wendy Cramer,a924N0000008YvKQAU_00541000003bWXCAA2_09282020140148,6257,,IN,G2001,0,0,,Account Team,100,,Brokerage/Direct,2020  Retiree Opportunity Renewal-Anthem,IC-1091
Anthem,0014100000ii4FEAAY,8/1/2020,INELAI00,IN,a934N0000008XpJQAU,01t41000003bUR0AAM,Medicare - Group Medicare Advantage (LPPO),Renew,,AG47123,0054N000003ilnqQAA,100,100,5994,5994,,North East,RVP,,0,,,0,,,8/1/2007,a974N0000008YhpQAE,0,Renewal,ASO,Administrative Services Only,GBD FACETS,Jeffery Verney,a924N0000008YvKQAU_0054N000003ilnqQAA_09282020140148,6257,,IN,G2001,0,0,,Account Team,100,,Brokerage/Direct,2020  Retiree Opportunity Renewal-Anthem,IC-1091
Anthem,0014100000ii4FEAAY,8/1/2020,INELAI00,IN,a934N0000008XpJQAU,01t41000003bUQOAA2,Medicare - Group Medicare Part D (PDP) with Senior Rx Plus,Renew,,AA70824,00541000003bWXCAA2,100,100,5994,5994,,North East,DSAM,,0,,,0,,,8/1/2007,a974N0000008YhpQAE,25,Renewal,ASO,Administrative Services Only,GBD FACETS,Wendy Cramer,a924N0000008YvLQAU_00541000003bWXCAA2_09282020140148,6257,,IN,G2001,0,0,,Account Team,100,,Brokerage/Direct,2020  Retiree Opportunity Renewal-Anthem,IC-1091
Anthem,0014100000ii4FEAAY,8/1/2020,INELAI00,IN,a934N0000008XpJQAU,01t41000003bUQOAA2,Medicare - Group Medicare Part D (PDP) with Senior Rx Plus,Renew,,AG47123,0054N000003ilnqQAA,100,100,5994,5994,,North East,RVP,,0,,,0,,,8/1/2007,a974N0000008YhpQAE,0,Renewal,ASO,Administrative Services Only,GBD FACETS,Jeffery Verney,a924N0000008YvLQAU_0054N000003ilnqQAA_09282020140148,6257,,IN,G2001,0,0,,Account Team,100,,Brokerage/Direct,2020  Retiree Opportunity Renewal-Anthem,IC-1091
Anthem,0014100000ii4FEAAY,8/1/2020,INELAI01,IN,a934N0000008XpKQAU,01t41000003bUQOAA2,Medicare - Group Medicare Part D (PDP) with Senior Rx Plus,Renew,,AA70824,00541000003bWXCAA2,100,100,201,201,,North East,DSAM,,0,,,0,,,8/1/2007,a974N0000008YhpQAE,25,Renewal,ASO,Administrative Services Only,GBD FACETS,Wendy Cramer,a924N0000008YvMQAU_00541000003bWXCAA2_09282020140148,,,IN,,0,0,,Account Team,100,,Brokerage/Direct,2020  Retiree Opportunity Renewal-Anthem,IC-1091
Anthem,0014100000ii4FEAAY,8/1/2020,INELAI01,IN,a934N0000008XpKQAU,01t41000003bUQOAA2,Medicare - Group Medicare Part D (PDP) with Senior Rx Plus,Renew,,AG47123,0054N000003ilnqQAA,100,100,201,201,,North East,RVP,,0,,,0,,,8/1/2007,a974N0000008YhpQAE,0,Renewal,ASO,Administrative Services Only,GBD FACETS,Jeffery Verney,a924N0000008YvMQAU_0054N000003ilnqQAA_09282020140148,,,IN,,0,0,,Account Team,100,,Brokerage/Direct,2020  Retiree Opportunity Renewal-Anthem,IC-1091
Anthem,0014100000ii4FEAAY,8/1/2020,INELAI01,IN,a934N0000008XpKQAU,01t41000003bUR0AAM,Medicare - Group Medicare Advantage (LPPO),Renew,,AA70824,00541000003bWXCAA2,100,100,201,201,,North East,DSAM,,0,,,0,,,8/1/2007,a974N0000008YhpQAE,25,Renewal,ASO,Administrative Services Only,GBD FACETS,Wendy Cramer,a924N0000008YvNQAU_00541000003bWXCAA2_09282020140148,,,IN,,0,0,,Account Team,100,,Brokerage/Direct,2020  Retiree Opportunity Renewal-Anthem,IC-1091
Anthem,0014100000ii4FEAAY,8/1/2020,INELAI01,IN,a934N0000008XpKQAU,01t41000003bUR0AAM,Medicare - Group Medicare Advantage (LPPO),Renew,,AG47123,0054N000003ilnqQAA,100,100,201,201,,North East,RVP,,0,,,0,,,8/1/2007,a974N0000008YhpQAE,0,Renewal,ASO,Administrative Services Only,GBD FACETS,Jeffery Verney,a924N0000008YvNQAU_0054N000003ilnqQAA_09282020140148,,,IN,,0,0,,Account Team,100,,Brokerage/Direct,2020  Retiree Opportunity Renewal-Anthem,IC-1091
Anthem,0014100000ii4FEAAY,8/1/2020,174013,IN,a934N0000008XpFQAU,01t41000003bUQ8AAM,Medical - HMO,Renew,,AA70824,00541000003bWXCAA2,100,100,33,43,,North East,DSAM,,0,,,0,,,8/1/2007,a974N0000008YhpQAE,25,Renewal,FI,Fully Insured,WGS 2.0,Wendy Cramer,a924N0000008YurQAE_00541000003bWXCAA2_09282020140148,60,,IN,G2001,0,0,,Account Team,100,,Brokerage/Direct,2020  Retiree Opportunity Renewal-Anthem,IC-1091
Anthem,0014100000ii4FEAAY,8/1/2020,174013,IN,a934N0000008XpFQAU,01t41000003bUQ8AAM,Medical - HMO,Renew,,AG47123,0054N000003ilnqQAA,100,100,33,43,,North East,RVP,,0,,,0,,,8/1/2007,a974N0000008YhpQAE,0,Renewal,FI,Fully Insured,WGS 2.0,Jeffery Verney,a924N0000008YurQAE_0054N000003ilnqQAA_09282020140148,60,,IN,G2001,0,0,,Account Team,100,,Brokerage/Direct,2020  Retiree Opportunity Renewal-Anthem,IC-1091
Anthem,0014100000ii4FEAAY,8/1/2020,174013,IN,a934N0000008XpFQAU,01t41000003bUQ8AAM,Medical - HMO,Renew,,AA70824,00541000003bWXCAA2,100,100,34,37,,North East,DSAM,,0,,,0,,,8/1/2007,a974N0000008YhpQAE,25,Renewal,ASO,Administrative Services Only,WGS 2.0,Wendy Cramer,a924N0000008YusQAE_00541000003bWXCAA2_09282020140148,74,,IN,G2001,0,0,,Account Team,100,,Brokerage/Direct,2020  Retiree Opportunity Renewal-Anthem,IC-1091
Anthem,0014100000ii4FEAAY,8/1/2020,174013,IN,a934N0000008XpFQAU,01t41000003bUQ8AAM,Medical - HMO,Renew,,AG47123,0054N000003ilnqQAA,100,100,34,37,,North East,RVP,,0,,,0,,,8/1/2007,a974N0000008YhpQAE,0,Renewal,ASO,Administrative Services Only,WGS 2.0,Jeffery Verney,a924N0000008YusQAE_0054N000003ilnqQAA_09282020140148,74,,IN,G2001,0,0,,Account Team,100,,Brokerage/Direct,2020  Retiree Opportunity Renewal-Anthem,IC-1091
Anthem,0014100000ii4FEAAY,8/1/2020,174013,IN,a934N0000008XpFQAU,01t41000003bUQvAAM,Medical - Act Wise CDHP HRA,Renew,,AA70824,00541000003bWXCAA2,100,100,2,2,,North East,DSAM,,0,,,0,,,8/1/2007,a974N0000008YhpQAE,25,Renewal,ASO,Administrative Services Only,WGS 2.0,Wendy Cramer,a924N0000008YutQAE_00541000003bWXCAA2_09282020140148,2,,IN,G2001,0,0,,Account Team,100,Product Change,Brokerage/Direct,2020  Retiree Opportunity Renewal-Anthem,IC-1091
Anthem,0014100000ii4FEAAY,8/1/2020,174013,IN,a934N0000008XpFQAU,01t41000003bUQvAAM,Medical - Act Wise CDHP HRA,Renew,,AG47123,0054N000003ilnqQAA,100,100,2,2,,North East,RVP,,0,,,0,,,8/1/2007,a974N0000008YhpQAE,0,Renewal,ASO,Administrative Services Only,WGS 2.0,Jeffery Verney,a924N0000008YutQAE_0054N000003ilnqQAA_09282020140148,2,,IN,G2001,0,0,,Account Team,100,Product Change,Brokerage/Direct,2020  Retiree Opportunity Renewal-Anthem,IC-1091
Anthem,0014100000ii4FEAAY,8/1/2020,174013,IN,a934N0000008XpFQAU,01t41000003bUQ3AAM,Life - Group Term Life,Renew,,AA70824,00541000003bWXCAA2,100,100,4500,4500,,North East,DSAM,10434434,0,,,0,,,8/1/2007,a974N0000008YhpQAE,25,Renewal,ASO,Administrative Services Only,WGS 2.0,Wendy Cramer,a924N0000008YuuQAE_00541000003bWXCAA2_09282020140148,,,IN,G2001,0,0,,Account Team,100,,Brokerage/Direct,2020  Retiree Opportunity Renewal-Anthem,IC-1091
Anthem,0014100000ii4FEAAY,8/1/2020,174013,IN,a934N0000008XpFQAU,01t41000003bUQ3AAM,Life - Group Term Life,Renew,,AG47123,0054N000003ilnqQAA,100,100,4500,4500,,North East,RVP,10434434,0,,,0,,,8/1/2007,a974N0000008YhpQAE,0,Renewal,ASO,Administrative Services Only,WGS 2.0,Jeffery Verney,a924N0000008YuuQAE_0054N000003ilnqQAA_09282020140148,,,IN,G2001,0,0,,Account Team,100,,Brokerage/Direct,2020  Retiree Opportunity Renewal-Anthem,IC-1091
Anthem,0014100000ii4FEAAY,8/1/2020,174013,IN,a934N0000008XpFQAU,01t41000003bUPAAA2,Behavioral Health Resource,Renew,,AA70824,00541000003bWXCAA2,100,100,10,10,,North East,DSAM,,0,,,0,,,8/1/2007,a974N0000008YhpQAE,25,Renewal,ASO,Administrative Services Only,WGS 2.0,Wendy Cramer,a924N0000008YuvQAE_00541000003bWXCAA2_09282020140148,,,IN,,0,0,Health and Wellness: A La Carte,Account Team,100,,Brokerage/Direct,2020  Retiree Opportunity Renewal-Anthem,IC-1091
Anthem,0014100000ii4FEAAY,8/1/2020,174013,IN,a934N0000008XpFQAU,01t41000003bUPAAA2,Behavioral Health Resource,Renew,,AG47123,0054N000003ilnqQAA,100,100,10,10,,North East,RVP,,0,,,0,,,8/1/2007,a974N0000008YhpQAE,0,Renewal,ASO,Administrative Services Only,WGS 2.0,Jeffery Verney,a924N0000008YuvQAE_0054N000003ilnqQAA_09282020140148,,,IN,,0,0,Health and Wellness: A La Carte,Account Team,100,,Brokerage/Direct,2020  Retiree Opportunity Renewal-Anthem,IC-1091
Anthem,0014100000ii4FEAAY,8/1/2020,174013,IN,a934N0000008XpFQAU,01t41000003bUPAAA2,Behavioral Health Resource,Renew,,AA70824,00541000003bWXCAA2,100,100,10,10,,North East,DSAM,,0,,,0,,,8/1/2007,a974N0000008YhpQAE,25,Renewal,ASO,Administrative Services Only,WGS 2.0,Wendy Cramer,a924N0000008YuwQAE_00541000003bWXCAA2_09282020140148,,,IN,,0,0,Total Health Total You,Account Team,100,,Brokerage/Direct,2020  Retiree Opportunity Renewal-Anthem,IC-1091
Anthem,0014100000ii4FEAAY,8/1/2020,174013,IN,a934N0000008XpFQAU,01t41000003bUPAAA2,Behavioral Health Resource,Renew,,AG47123,0054N000003ilnqQAA,100,100,10,10,,North East,RVP,,0,,,0,,,8/1/2007,a974N0000008YhpQAE,0,Renewal,ASO,Administrative Services Only,WGS 2.0,Jeffery Verney,a924N0000008YuwQAE_0054N000003ilnqQAA_09282020140148,,,IN,,0,0,Total Health Total You,Account Team,100,,Brokerage/Direct,2020  Retiree Opportunity Renewal-Anthem,IC-1091
Anthem,0014100000ii4FEAAY,8/1/2020,174013,IN,a934N0000008XpFQAU,01t41000004J4DYAA0,Total Health Total You,Renew,,AA70824,00541000003bWXCAA2,100,100,10,10,,North East,DSAM,,0,,,0,,,8/1/2007,a974N0000008YhpQAE,25,Renewal,ASO,Administrative Services Only,WGS 2.0,Wendy Cramer,a924N0000008YuxQAE_00541000003bWXCAA2_09282020140148,825,,IN,G2001,0,0,,Account Team,100,,Brokerage/Direct,2020  Retiree Opportunity Renewal-Anthem,IC-1091
Anthem,0014100000ii4FEAAY,8/1/2020,174013,IN,a934N0000008XpFQAU,01t41000004J4DYAA0,Total Health Total You,Renew,,AG47123,0054N000003ilnqQAA,100,100,10,10,,North East,RVP,,0,,,0,,,8/1/2007,a974N0000008YhpQAE,0,Renewal,ASO,Administrative Services Only,WGS 2.0,Jeffery Verney,a924N0000008YuxQAE_0054N000003ilnqQAA_09282020140148,825,,IN,G2001,0,0,,Account Team,100,,Brokerage/Direct,2020  Retiree Opportunity Renewal-Anthem,IC-1091
Anthem,0014100000ii4FEAAY,8/1/2020,174013,IN,a934N0000008XpFQAU,01t41000003bUPyAAM,Health and Wellness: A La Carte,Renew,,AA70824,00541000003bWXCAA2,100,100,10,10,,North East,DSAM,,0,,,0,,,8/1/2007,a974N0000008YhpQAE,25,Renewal,ASO,Administrative Services Only,WGS 2.0,Wendy Cramer,a924N0000008YuyQAE_00541000003bWXCAA2_09282020140148,,,IN,,0,0,,Account Team,100,,Brokerage/Direct,2020  Retiree Opportunity Renewal-Anthem,IC-1091
