{
  "$schema": "http://json-schema.org/draft-04/schema#",
  "$comment": "National Feed File1 Load Validation schema",
  "type": "object",
  "additionalProperties": true,
  "properties": {
    "eventMetaData": {
      "type": "object",
      "properties": {
        "eventName": {
          "type": "string"
        },
        "eventSrc": {
          "type": "string"
        },
        "eventTarget": {
          "type": "string"
        },
        "payloadVersion": {
          "type": "string"
        },
        "srcSysTrackingId": {
          "type": "string"
        },
        "masterTrackingId": {
          "type": "string"
        },
        "trackingId": {
          "type": "string"
        },
        "subTrackingId": {
          "type": "string"
        }
      },
      "required": [
        "eventName",
        "eventSrc",
        "eventTarget",
        "payloadVersion",
        "srcSysTrackingId",
        "masterTrackingId",
        "trackingId",
        "subTrackingId"
      ]
    },
    "payload": {
      "type": "object",
      "properties": {
        "policy": {
          "type": "object",
          "properties": {
            "policyName": {
              "type": "string"
            },
            "policyNumber": {
              "type": "string"
            },
            "product": {
              "type": "object",
              "properties": {
                "lobCategoryEffDate": {
                  "type": "string"
                },
                "productExpansion12": {
                  "type": "string"
                },
                "sourceSystemProduct": {
                  "type": "string"
                },
                "productRenewalType": {
                  "type": "string"
                },
                "member": {
                  "type": "object",
                  "properties": {
                    "memberExpansion2": {
                      "type": "string"
                    },
                    "memberExpansion3": {
                      "type": "string"
                    },
                    "memberExpansion4": {
                      "type": "string"
                    },
                    "memberCount": {
                      "type": "string"
                    },
                    "subcriberContractCount": {
                      "type": "string"
                    }
                  },
                  "required": [
                    "memberExpansion2",
                    "memberExpansion3",
                    "memberExpansion4",
                    "memberCount",
                    "subcriberContractCount"
                  ]
                },
                "agent": {
                  "type": "object",
                  "properties": {
                    "intUsDomainId": {
                      "type": "string"
                    },
                    "agentExpansion4": {
                      "type": "string"
                    },
                    "agentExpansion1": {
                      "type": "string"
                    },
                    "agentExpansion2": {
                      "type": "string"
                    },
                    "agentName": {
                      "type": "string"
                    }
                  },
                  "required": [
                    "intUsDomainId",
                    "agentExpansion4",
                    "agentExpansion1",
                    "agentExpansion2",
                    "agentName"
                  ]
                },
                "productExpansion3": {
                  "type": "string",
                  "required": [
                    "productExpansion3"
                  ]
                },
                "premium": {
                  "type": "object",
                  "properties": {
                    "premiumAmount": {
                      "type": "string"
                    }
                  },
                  "required": [
                    "premiumAmount"
                  ]
                },
                "productExpansion6": {
                  "type": "string"
                },
                "productExpansion7": {
                  "type": "string"
                },
                "productExpansion8": {
                  "type": "string",
                  "required": [
                  	"productExpansion8"
                  ]
              
                },
                "productExpansion9": {
                  "type": "string"
                },
                "productExpansion13": {
                  "type": "string"
                },
                "productExpansion14": {
                  "type": "string"
                },
                "fundingType": {
                  "type": "string"
                },
                "productLobExpansion4": {
                  "type": "string"
                },
                "GL": {
                  "type": "object",
                  "properties": {
                    "GlWlpBusinessUnit": {
                      "type": "string",
                      "minLength": 1
                    }
                  },
                  "required": [
                    "GlWlpBusinessUnit"
                  ]
                },
                "productExpansion10": {
                  "type": "string"
                },
                "productExpansion11": {
                  "type": "string"
                },
                "productExpansion5": {
                  "type": "string"
                },
                "productLobExpansion1": {
                  "type": "string"
                },
                "productLobExpansion2": {
                  "type": "string",
                  "enum": [
                    "R",
                    "N",
                    "C",
                    "G",
                    "X",
                    "I"
                  ]
                }
              },
              "required": [
                "lobCategoryEffDate",
                "productExpansion12",
                "sourceSystemProduct",
                "productRenewalType",
                "member",
                "agent",
                "productExpansion3",
                "premium",
                "productExpansion6",
                "productExpansion7",
                "productExpansion8",
                "productExpansion9",
                "productExpansion13",
                "productExpansion14",
                "fundingType",
                "productLobExpansion4",
                "GL",
                "productExpansion10",
                "productExpansion11",
                "productExpansion5",
                "productLobExpansion1",
                "productLobExpansion2"
              ]
            },
            "policySublineNumber": {
              "type": "string"
            },
            "policyExpansion7": {
              "type": "string"
            },
            "policyExpansion1": {
              "type": "string"
            },
            "policyExpansion2": {
              "type": "string"
            },
            "policyExpansion3": {
              "type": "string"
            },
            "policySalesRegion": {
              "type": "string"
            },
            "policyEffectiveDate": {
              "type": "string",
              "pattern": "(0[1-9]|1[012])[/](0[1-9]|[12][0-9]|3[01])[/](19|20|21)[0-9]{2}"  
            },
            "policyExpansion11": {
              "type": "string"
            },
            "policyExpansion12": {
              "type": "string"
            },
            "policyExpansion6": {
              "type": "string"
            },
            "uniqueRecordId": {
              "type": "string"
            },
            "policySoldState": {
              "type": "string",
              "enum": [
                "OH",
                "KY",
                "IN",
                "MO",
                "WI",
                "CT",
                "ME",
                "NH",
                "CA",
                "CO",
                "NV",
                "GA",
                "VA",
                "NY"
              ]
            },
            "policyExpansion8": {
              "type": "string"
            },
            "policyExpansion4": {
              "type": "string"
            },
            "policyExpansion9": {
              "type": "string"
            },
            "policyExpansion5": {
              "type": "string"
            },
            "policyExpansion10": {
              "type": "string"
            },
            "policyExpansion13": {
              "type": "string"
            },
            "policyExpansion14": {
              "type": "string"
            },
            "policyExpansion15": {
              "type": "string"
            }
          },
          "required": [
            "policyName",
            "policyNumber",
            "product",
            "policySublineNumber",
            "policyExpansion7",
            "policyExpansion1",
            "policyExpansion2",
            "policyExpansion3",
            "policySalesRegion",
            "policyEffectiveDate",
            "policyExpansion11",
            "policyExpansion12",
            "policyExpansion6",
            "uniqueRecordId",
            "policySoldState",
            "policyExpansion8",
            "policyExpansion4",
            "policyExpansion9",
            "policyExpansion5",
            "policyExpansion10",
            "policyExpansion13",
            "policyExpansion14",
            "policyExpansion15"
          ]
        }
      },
      "required": [
        "policy"
      ]
    }
  },
  "required": [
    "eventMetaData",
    "payload"
  ]
}