[
	{
		"operation": "shift",
		"spec": {
			"#NATIONAL": [
				"genericAttribute1",
				"businessUnits[].name"
			],
			"#1": [
				"lineNumber.value",
				"subLineNumber.value",
				"transactionAssignments[#1].setNumber"				
			],
			"#integer": [
				"lineNumber.unitType.name",
				"subLineNumber.unitType.name"
			],
			"#percent": [
				"genericNumber1.unitType.name",
				"genericNumber3.unitType.name",
				"discountPercent.unitType.name"
			],
			"#POLICY_PREM": "eventType.eventTypeId",
			"#ANA": "genericAttribute14",
			"#USD": [
				"value.unitType.name",
				"genericNumber4.unitType.name"
			],
			"#quantity": [
				"unitValue.unitType.name",
				"genericNumber5.unitType.name",
				"genericNumber6.unitType.name"
			],
			"#imported": "originTypeId",
			"eventMetaData": {
				"eventSrc": "dataSource"
			},
			"payload": {
				"policy": {
					"policyNumber": "genericAttribute2",
					"policyEffectiveDate": "genericDate1",
					"policySoldState": "genericAttribute9",
					"policySalesRegion": "genericAttribute8",
					"policyName": "genericAttribute4",
					"policySublineNumber": "genericAttribute7",
					"policyExpansion1": "genericAttribute15",
					"policyExpansion2": "genericNumber1.value",
					"policyExpansion6": "genericAttribute25",
					"policyExpansion8": "genericAttribute24",
					"policyExpansion10": "channel",
					"policyExpansion11": "genericAttribute11",
					"policyExpansion12": "genericAttribute28",
					"product": {
						"sourceSystemProduct": "productId",
						"derivedProduct": "productName",		
						"derivedRenewalType": "genericAttribute3",
						"fundingType": "genericAttribute32",
						"lobCategoryEffDate": "genericDate2",
						"lobCode": "genericAttribute12",
						"currentDate": [
							"compensationDate",
							"accountingDate"
						],
						"productLobExpansion1": "genericAttribute27",
						"productExpansion3": "genericNumber4.value",
						"productExpansion5": "productDescription",
						"productExpansion10": "genericAttribute21",
						"productExpansion11": "genericAttribute22",
						"productExpansion12": "genericAttribute16",
						"productExpansion13": "genericNumber5.value",
						"productExpansion14": "genericNumber6.value",
						"productLobExpansion4" : "genericAttribute26",
						"member": {
							"memberCount": "unitValue.value",
							"subcriberContractCount": "genericAttribute30",
							"memberExpansion2": "genericAttribute29",
							"memberExpansion3": "genericAttribute13",
							"memberExpansion4": "genericAttribute31"
						},
			            "premium": {
			              "premiumAmount": "value.value"
			            },						
						"GL": {
							"GlWlpBusinessUnit": "genericAttribute10"
						},
						"agent": {
							"agentCode": "genericAttribute5",
							"agentExpansion1": "genericAttribute6",
							"intUsDomainId": "genericAttribute18",
							"agentExpansion2": "genericNumber3.value",
							"agentExpansion4": "genericAttribute19",
							"orderSeqNumber": "salesOrder.orderId",
							"derivededDiscountFactor": "discountPercent.value",
							"positionName": "transactionAssignments[#4].positionName"
						}
					}
				}
			}
		}
	},
	{
		"operation": "shift",
		"spec": {
			"*": "[0].&"
		}
	}
]
