[{
    "operation": "shift",
    "spec": {
      "#compensationRequest": "eventMetaData.eventName",
      "#NTL_SFDC": "eventMetaData.eventSrc",
      "#SCLC": "eventMetaData.eventTarget",
      "#1.0.0": "eventMetaData.payloadVersion",
      "#sclc": "payload.ruleExecutionInstruction[#1].system",
      "#internal": "payload.ruleExecutionInstruction[#1].subSystem",
      "#ANA": "payload.ruleExecutionInstruction[#1].businessArea",
      "#LGGP": "payload.ruleExecutionInstruction[#1].busUnit",
      "#sclc_internal_ana_lggrp_ruleset": "payload.ruleExecutionInstruction[#1].ruleSetIdentifier",
      "#exactMatch": "payload.ruleExecutionRequestData[#1].operation",
      "#NA": "payload.ruleExecutionRequestData[#1].additionalInfo",
      "#default": "payload.ruleExecutionRequestData[#1].exceptionExecutionRule[#1].operation",
      "#serviceName": "payload.ruleExecutionRequestData[0].inboundData[0].name",
      "#service": "payload.ruleExecutionRequestData[0].inboundData[0].type",
      "failureService": "payload.ruleExecutionRequestData[0].inboundData[0].value",
      "#componentName": "payload.ruleExecutionRequestData[0].inboundData[1].name",
      "#component": "payload.ruleExecutionRequestData[0].inboundData[1].type",
      "failureUri": "payload.ruleExecutionRequestData[0].inboundData[1].value",
      "#failureRouteId": "payload.ruleExecutionRequestData[0].inboundData[2].name",
      "#variable": ["payload.ruleExecutionRequestData[0].inboundData[2].type", "payload.ruleExecutionRequestData[0].inboundData[3].type"],
      "failureRouteId": "payload.ruleExecutionRequestData[0].inboundData[2].value",
      "#detailMessage": "payload.ruleExecutionRequestData[0].inboundData[3].name",
      "failiureResponseMsg": "payload.ruleExecutionRequestData[0].inboundData[3].value"
    }
},
  {
    "operation": "modify-default-beta",
    "spec": {
      "eventMetaData": {
        "srcSysTrackingId": "",
        "masterTrackingId": "",
        "trackingId": "",
        "subTrackingId": ""
      },
      "payload": {
        "ruleExecutionInstruction": {
          "system": "",
          "subSystem": "",
          "businessArea": "",
          "busUnit": "",
          "ruleSetIdentifier": ""
        },
        "ruleExecutionRequestData": {
          "operation": "",
          "additionalInfo": "",
          "exceptionExecutionRule": {
            "operation": ""
          },
          "inboundData": {
            "name": "",
            "value": "",
            "type": ""
          }
        }
      }
    }
  }
]