[

  {
    "operation": "shift",
    "spec": {
      "*": "&"
    }
      },
  {
    "operation": "modify-overwrite-beta",
    "spec": {
      "payload": {
        "policy": {
          "product": {
            "policyExpansion4": "0",
            "policyExpansion5": "0",    
             "productExpansion6": "0",
              "productExpansion7": "1",
              "productExpansion8": "0",
              "productExpansion9": "0"
          }
        }
      }
    }
  }
]
