[{
    "operation": "shift",
    "spec": {
      "#compensationRequest": "eventMetaData.eventName",
      "#SFDC": "eventMetaData.eventSrc",
      "#SCLC": "eventMetaData.eventTarget",
      "#1.0.0": "eventMetaData.payloadVersion",
      "*": {
        "0": "payload.policy.policyName",
        "1": "payload.policy.policyNumber",
        "2": "payload.policy.product.lobCategoryEffDate",
        "3": "payload.policy.policySublineNumber",
        "4": "payload.policy.policyExpansion7",
        "5": "payload.policy.policyExpansion1",
        "6": "payload.policy.product.productExpansion12",
        "7": "payload.policy.product.sourceSystemProduct",
        "8": "payload.policy.product.productRenewalType",
        "9": "payload.policy.product.member.memberExpansion2",
        "10": "payload.policy.product.agent.intUsDomainId",
        "11": "payload.policy.product.agent.agentExpansion4",
        "12": "payload.policy.policyExpansion2",
        "13": "payload.policy.policyExpansion3",
        "14": "payload.policy.product.member.memberExpansion3",
        "15": "payload.policy.product.member.memberExpansion4",
        "16": "payload.policy.product.productExpansion3",
        "17": "payload.policy.policySalesRegion",
        "18": "payload.policy.product.agent.agentExpansion1",
        "19": "payload.policy.product.premium.premiumAmount",
        "20": "payload.policy.product.productExpansion6",
        "21": "payload.policy.product.productExpansion7",
        "22": "payload.policy.product.productExpansion8",
        "23": "payload.policy.product.productExpansion9",
        "24": "payload.policy.product.productExpansion13",
        "25": "payload.policy.product.productExpansion14",
        "26": "payload.policy.policyEffectiveDate",
        "27": "payload.policy.policyExpansion11",
        "28": "payload.policy.product.agent.agentExpansion2",
        "29": "payload.policy.policyExpansion12",
        "30": "payload.policy.product.fundingType",
        "31": "payload.policy.product.productLobExpansion4",
        "32": "payload.policy.policyExpansion6",
        "33": "payload.policy.product.agent.agentName",
        "34": "payload.policy.uniqueRecordId",
        "35": "payload.policy.product.member.memberCount",
        "36": "payload.policy.product.member.subcriberContractCount",
        "37": "payload.policy.policySoldState",
        "38": "payload.policy.product.GL.GlWlpBusinessUnit",
        "39": "payload.policy.product.productExpansion10",
        "40": "payload.policy.product.productExpansion11",
        "41": "payload.policy.product.productExpansion5",
        "42": "payload.policy.policyExpansion8",
        "43": "payload.policy.policyExpansion4",
        "44": "payload.policy.product.productLobExpansion1",
        "45": "payload.policy.policyExpansion9",
        "46": "payload.policy.policyExpansion5",
        "47": "payload.policy.policyExpansion10",
        "48": "payload.policy.policyExpansion13",
        "49": "payload.policy.policyExpansion14",
        "50": "payload.policy.policyExpansion15",
        "51": "payload.policy.recordType"
      }
    }
},
  {
    "operation": "modify-default-beta",
    "spec": {
      "eventMetaData": {
        "srcSysTrackingId": "",
        "masterTrackingId": "",
        "trackingId": "",
        "subTrackingId": ""
      }
    }
  }
]
